﻿id,Employee_Name,Employee_EmailID
1,Hamish Murray,hamish.murray@acme.com
2,Layla Graham,layla.graham@acme.com
3,Matthew King,matthew.king@acme.com
4,Benjamin Collins,benjamin.collins@acme.com
5,Isabella Scott,isabella.scott@acme.com
6,Charlie Ross,charlie.ross@acme.com
7,Hamish Murray,hamish.murray.sr@acme.com
8,Piper Stewart,piper.stewart@acme.com
9,Spencer Allen,spencer.allen@acme.com
10,Charlie Wright,charlie.wright@acme.com
11,Hamish Murray,hamish.murray.jr@acme.com
12,Charlie Ross,charlie.ross.jr@acme.com
13,Ethan Murray,ethan.murray@acme.com
14,Matthew King,matthew.king.jr@acme.com
15,Mark Lawrence,mark.lawrence@acme.com
